{
  "providers": [
    {
      "type": "bitmap",
      "file": "minecraft:font/icons/confirm_btn.png",
      "height": 9,
      "ascent": 9,
      "chars": [
        "\uEF00"
      ]
    },
    {
      "type": "bitmap",
      "file": "minecraft:font/icons/discord_linked.png",
      "height": 9,
      "ascent": 9,
      "chars": [
        "\uEF01"
      ]
    },
    {
      "type": "bitmap",
      "file": "minecraft:font/icons/discord_unlinked.png",
      "height": 9,
      "ascent": 9,
      "chars": [
        "\uEF02"
      ]
    },
    {
      "type": "bitmap",
      "file": "minecraft:font/prefixes/vip.png",
      "height": 9,
      "ascent": 9,
      "chars": [
        "\uEE00"
      ]
    },
    {
      "type": "bitmap",
      "file": "minecraft:font/prefixes/premium.png",
      "height": 9,
      "ascent": 9,
      "chars": [
        "\uEE01"
      ]
    },
    {
      "type": "bitmap",
      "file": "minecraft:font/prefixes/deluxe.png",
      "height": 9,
      "ascent": 9,
      "chars": [
        "\uEE02"
      ]
    },
    {
      "type": "bitmap",
      "file": "minecraft:font/prefixes/sponsor.png",
      "height": 9,
      "ascent": 9,
      "chars": [
        "\uEE03"
      ]
    },
    {
      "type": "bitmap",
      "file": "minecraft:font/prefixes/youtube.png",
      "height": 9,
      "ascent": 9,
      "chars": [
        "\uEE04"
      ]
    },
    {
      "type": "bitmap",
      "file": "minecraft:font/prefixes/helper.png",
      "height": 9,
      "ascent": 9,
      "chars": [
        "\uEE05"
      ]
    },
    {
      "type": "bitmap",
      "file": "minecraft:font/prefixes/moder.png",
      "height": 9,
      "ascent": 9,
      "chars": [
        "\uEE06"
      ]
    },
    {
      "type": "bitmap",
      "file": "minecraft:font/prefixes/s-moder.png",
      "height": 9,
      "ascent": 9,
      "chars": [
        "\uEE07"
      ]
    },
    {
      "type": "bitmap",
      "file": "minecraft:font/prefixes/res-pack.png",
      "height": 9,
      "ascent": 9,
      "chars": [
        "\uEE08"
      ]
    },
    {
      "type": "bitmap",
      "file": "minecraft:font/prefixes/g-design.png",
      "height": 9,
      "ascent": 9,
      "chars": [
        "\uEE09"
      ]
    },
    {
      "type": "bitmap",
      "file": "minecraft:font/prefixes/builder.png",
      "height": 9,
      "ascent": 9,
      "chars": [
        "\uEE0A"
      ]
    },
    {
      "type": "bitmap",
      "file": "minecraft:font/prefixes/java.png",
      "height": 9,
      "ascent": 9,
      "chars": [
        "\uEE0B"
      ]
    },
    {
      "type": "bitmap",
      "file": "minecraft:font/prefixes/owner.png",
      "height": 9,
      "ascent": 9,
      "chars": [
        "\uEE0C"
      ]
    }
  ]
}
